h,abs_flow,abs_basis,rolling_arb_r,phase
-120,121113.440594,9.926717,,pre
-119,64614.049905,9.928249,,pre
-118,30220.736476,9.929529,,pre
-117,194357.539805,9.928786,,pre
-116,2551489.891677,9.927921,,pre
-115,194665.391544,9.929516,-0.2397,pre
-114,22763.965294,9.933622,-0.4295,pre
-113,4229316.426495,9.933129,0.2209,pre
-112,535234.652495,9.933073,0.0703,pre
-111,1856314.027718,9.932727,-0.0521,pre
-110,1478402.67255,9.934138,0.2791,pre
-109,35366.576394,9.930481,0.2787,pre
-108,53986.288619,9.930094,0.5818,pre
-107,108010.408072,9.928003,0.7526,pre
-106,391053.251844,9.924081,0.6253,pre
-105,1384017.069665,9.924735,0.0929,pre
-104,4238188.243138,9.925514,-0.486,pre
-103,22112610.354929,9.924782,-0.3614,pre
-102,1542435.836818,9.925197,-0.2433,pre
-101,236385.714162,9.926395,-0.1855,pre
-100,300459.100931,9.926325,-0.5336,pre
-99,2368319.788096,9.926978,-0.6696,pre
-98,50140.695124,9.926029,-0.6856,pre
-97,2304094.078472,9.927344,0.4471,pre
-96,474469.20109,9.927224,0.7172,pre
-95,1738540.048003,9.929124,0.5341,pre
-94,1631657.219536,9.928046,0.4545,pre
-93,9228087.334097,9.929416,0.7112,pre
-92,282861.522089,9.929642,0.3589,pre
-91,6563842.057225,9.928716,0.3588,pre
-90,7894117.218144,9.926917,-0.3052,pre
-89,78723.560436,9.924676,0.3155,pre
-88,5103983.451219,9.92535,0.2873,pre
-87,25408.330156,9.927197,0.0322,pre
-86,9875145.534201,9.923401,-0.1334,pre
-85,6020745.698063,9.925298,-0.3753,pre
-84,21300.214759,9.923871,-0.4145,pre
-83,262523.893168,9.923287,-0.2249,pre
-82,13343.877886,9.924428,-0.2426,pre
-81,2195466.826827,9.924223,0.043,pre
-80,1004664.228405,9.924113,0.8151,pre
-79,30109.762751,9.927361,-0.225,pre
-78,486207.496456,9.933904,-0.2104,pre
-77,743629.940441,9.920725,-0.2705,pre
-76,267439.10619,9.91276,0.0295,pre
-75,52229.806353,9.910388,0.3015,pre
-74,110844.295188,9.909325,0.3851,pre
-73,788.975713,9.91052,0.7139,pre
-72,20712.52169,9.911912,0.9476,pre
-71,10077246.093763,9.916055,0.8687,pre
-70,161988.59567,9.918944,0.4208,pre
-69,4002848.672694,9.918907,0.4217,pre
-68,239513.186974,9.920924,0.1257,pre
-67,73901.694547,9.921333,-0.2121,pre
-66,218864.883477,9.920125,-0.9043,pre
-65,9881495.323607,9.919118,-0.5381,pre
-64,262779.197004,9.918132,-0.393,pre
-63,524328.933021,9.918521,-0.2411,pre
-62,8394.477034,9.918047,-0.0484,pre
-61,2736.171768,9.91324,0.281,pre
-60,3367.898599,9.909051,0.4069,pre
-59,1447666.314735,9.910845,-0.2157,pre
-58,791174.404367,9.91587,-0.1264,pre
-57,14683926.880743,9.916527,0.3446,pre
-56,344178.306972,9.916994,0.4133,pre
-55,8650251.260765,9.916092,0.4626,pre
-54,91340.467463,9.914986,0.319,pre
-53,39587.450145,9.915773,0.3622,pre
-52,39985.395175,9.915313,0.4263,pre
-51,213280.997745,9.915965,0.196,pre
-50,20249.453483,9.914057,0.4773,pre
-49,242333.319767,9.913185,-0.259,pre
-48,17925.38267,9.916084,-0.3718,pre
-47,190480.219479,9.917164,-0.0292,pre
-46,10303309.866046,9.918169,0.6282,pre
-45,986566.678335,9.91886,0.4677,pre
-44,81253.154117,9.919479,0.2411,pre
-43,3334776.453538,9.922122,0.1573,pre
-42,121918.77055,9.932961,-0.2866,pre
-41,42667.649384,9.932726,-0.5078,pre
-40,222593.987704,9.934197,-0.4459,pre
-39,2710.945452,9.933016,-0.5167,pre
-38,21457.6872,9.93265,-0.9839,pre
-37,1467923.647433,9.933291,0.2514,pre
-36,94495.919826,9.932036,0.2922,pre
-35,953963.419197,9.942036,0.4361,pre
-34,433869.612848,9.95516,0.131,pre
-33,38923.78927,9.957269,-0.2281,pre
-32,176588.416106,9.942252,-0.4174,pre
-31,8951492.208036,9.941026,-0.207,pre
-30,1189228.709537,9.946195,-0.4853,pre
-29,115706.450838,9.951958,-0.6031,pre
-28,199032.7703,9.956414,-0.6066,pre
-27,1047269.474572,9.957673,-0.5489,pre
-26,82098.741992,9.960503,-0.7808,pre
-25,324991.166923,9.959943,-0.5195,pre
-24,2001437.713795,9.9625,0.5551,pre
-23,224367.058282,9.969118,-0.0032,pre
-22,54841.208808,9.969795,-0.3607,pre
-21,179288.99,9.971967,-0.3239,pre
-20,23819.726498,9.972535,-0.5803,pre
-19,8969.2,9.971273,-0.9476,pre
-18,478468.36274,9.971315,-0.1086,pre
-17,115191.673259,9.970963,0.0338,pre
-16,10846.6723,9.967122,0.2471,pre
-15,33132.015832,9.965743,0.3029,pre
-14,41285.870416,9.966633,0.5205,pre
-13,1917729.024189,9.970608,0.5242,pre
-12,10000000.0,9.968289,0.1251,pre
-11,179248.481861,9.965968,0.4087,pre
-10,53037.339036,9.965533,0.4568,pre
-9,9999999.0,9.966834,0.238,pre
-8,1207.964682,9.967469,0.1742,pre
-7,19998.851194,9.966962,0.5528,pre
-6,59009.703993,9.966448,0.1982,pre
-5,222797.098605,9.967301,0.0566,pre
-4,11408.643604,9.968362,-0.2966,pre
-3,5150.48403,9.968239,-0.2912,pre
-2,149990.0,9.967457,-0.2802,pre
-1,892.785493,9.965571,0.0417,pre
0,19328.747097,9.967549,-0.005,onset
1,46432.786088,9.966844,0.0479,onset
2,99600.004443,9.963762,-0.2194,onset
3,809.988863,9.963613,0.2346,onset
4,6990.0,9.963283,-0.0543,onset
5,490.0,9.961478,0.2176,onset
6,490.0,9.960387,0.4905,panic
7,21294.079128,9.961001,0.4542,panic
10,197428.965788,9.964346,0.5888,panic
11,3408.376626,9.963654,0.5912,panic
12,30728.042336,9.963711,0.6069,panic
13,60527.77207,9.96301,0.5771,panic
14,1290419.596087,9.962648,-0.103,panic
15,600986.764494,9.96471,-0.3159,panic
16,155982.80141,9.963404,-0.2548,panic
17,72404.482661,9.964177,-0.3195,panic
18,56446.613228,9.96281,-0.1556,panic
19,4370235.319027,9.961863,-0.6858,panic
20,8622604.966965,9.96109,-0.8445,panic
21,169911.493766,9.960646,-0.5212,panic
22,3499142.027222,9.958168,-0.3643,panic
23,2040522.433905,9.951588,0.0945,panic
24,2616097.355795,9.948073,0.3521,panic
25,2046160.543527,9.947654,0.3723,panic
26,6972546.206915,9.952372,-0.2179,panic
27,536286.283208,9.948385,0.4378,panic
28,49681.084,9.946138,0.7611,panic
29,6372.0019,9.946426,0.9413,panic
30,0.0,9.946083,0.9517,panic
31,381428.457724,9.940799,0.7318,panic
32,973842.888569,9.936712,-0.7039,panic
33,180488.89209,9.939175,-0.8538,panic
34,17895.952244,9.940629,-0.7557,panic
35,7567.03271,9.940345,-0.6861,panic
36,546682.50721,9.939067,-0.8439,panic
37,451643.105478,9.939538,-0.9308,panic
38,237446.265375,9.937973,-0.5158,panic
39,12684846.365929,9.938529,-0.4102,panic
40,727656.008478,9.939794,-0.386,panic
41,5459138.070315,9.937541,-0.3669,panic
42,526191.650244,9.938319,-0.2723,panic
43,1134904.650766,9.942171,-0.2742,panic
44,1501303.02996,9.944654,-0.4196,panic
45,308739.740177,9.939927,-0.3513,panic
46,67912.139752,9.930256,0.1039,panic
47,615863.151234,9.930146,0.7302,panic
48,3673327.707633,9.931708,-0.0475,panic
49,43417.369729,9.932876,0.0231,panic
50,492897.740064,9.934118,-0.1929,panic
51,281081.004387,9.922435,0.1766,panic
52,13767180.452398,9.892027,-0.9245,panic
53,11426965.184075,9.884138,-0.925,panic
54,1878935.753287,9.890931,-0.7666,panic
55,525524.290713,9.89245,-0.5807,panic
56,324026.322989,9.890118,-0.4222,panic
57,9990137.601057,9.891042,-0.3252,panic
58,1464297.800857,9.889901,-0.6512,panic
59,132637.913236,9.887997,0.2582,panic
60,46971.956139,9.888327,0.3554,panic
61,3127033.528293,9.886779,0.4766,panic
62,426.046714,9.878458,0.4926,panic
63,5132353.205262,9.872793,-0.5571,panic
64,1007648.434331,9.915878,-0.3658,panic
65,249822.730313,9.898322,-0.4421,panic
66,182216.426946,9.845612,-0.041,panic
67,28721119.557802,9.813931,-0.7574,panic
68,35874959.782155,9.810282,-0.8358,panic
69,7551825.264501,9.820035,-0.7301,panic
70,1913449.253174,9.828335,-0.6452,panic
71,839313.451075,9.825771,-0.8052,panic
72,2234974.976009,9.824339,-0.964,recovery
73,5245311.955958,9.820436,-0.9323,recovery
74,25778916.45956,9.814337,-0.8912,recovery
75,7436139.802755,9.808301,-0.5895,recovery
76,21731021.355733,9.813911,-0.592,recovery
77,7520119.492722,9.816851,-0.4554,recovery
78,3655461.670699,9.819544,-0.3448,recovery
79,6007288.277345,9.814353,-0.1813,recovery
80,3808175.129917,9.805819,0.0686,recovery
81,7658334.891467,9.792503,0.0673,recovery
82,17545526.319774,9.774518,-0.8499,recovery
83,33796573.560469,9.78227,-0.744,recovery
84,2438350.878864,9.786178,-0.559,recovery
85,3670074.928714,9.771333,-0.2808,recovery
86,6366527.595202,9.774319,0.0204,recovery
87,10969158.599346,9.769305,0.2212,recovery
88,9929071.272717,9.749928,0.1774,recovery
89,15257693.705803,9.743781,-0.8583,recovery
90,7265654.282569,9.725351,-0.3387,recovery
91,8299106.34084,9.730806,-0.0137,recovery
92,5574065.572147,9.718836,0.6247,recovery
93,1167400.974267,9.680116,0.8763,recovery
94,8231320.687177,9.672819,0.6345,recovery
95,2818751.602074,9.665468,0.5455,recovery
96,6595859.707042,9.685782,0.4532,recovery
97,1969146.551478,9.69457,0.0686,recovery
98,5625439.837645,9.689801,-0.1017,recovery
99,6260315.515721,9.703993,0.0107,recovery
100,3789761.863058,9.702124,0.2716,recovery
101,5142715.433389,9.720586,-0.0694,recovery
102,7286676.386018,9.724403,0.5398,recovery
103,7822225.966969,9.726212,0.5786,recovery
104,10506086.407825,9.722477,0.6356,recovery
105,2616782.298216,9.72553,0.3647,recovery
106,25537345.434545,9.713204,-0.8747,recovery
107,27866894.341468,9.706621,-0.9644,recovery
108,11802451.916275,9.718214,-0.9494,recovery
109,38832099.040679,9.743348,0.2312,recovery
110,4125625.61821,9.771992,-0.2956,recovery
111,30930848.32913,9.777032,-0.1229,recovery
112,23137588.957308,9.784261,-0.0748,recovery
113,16798508.202495,9.772024,0.0349,recovery
114,2929568.168748,9.760206,-0.2471,recovery
115,8536900.115195,9.762702,0.7606,recovery
116,563592.694859,9.771434,0.7244,recovery
117,5703879.877125,9.794509,0.3029,recovery
118,3845.047346,9.78688,-0.1791,recovery
119,526283.710663,9.777512,-0.2054,recovery
120,305524.336796,9.772696,-0.1742,recovery
121,4344638.459553,9.769634,0.3565,recovery
122,863100.320673,9.751909,0.3481,recovery
123,6514557.780398,9.743394,-0.6753,recovery
124,2732751.857755,9.745908,-0.5495,recovery
125,10516218.538439,9.7536,-0.3362,recovery
126,990824.350177,9.757601,-0.0994,recovery
127,4618907.817739,9.762812,-0.1089,recovery
128,4174081.807477,9.763669,-0.1813,recovery
129,207684.826272,9.762546,-0.2006,recovery
130,8069315.412874,9.759999,-0.5452,recovery
131,2271405.688032,9.762022,0.0537,recovery
132,7199198.241919,9.759985,-0.6882,recovery
133,4110364.924067,9.765432,-0.5305,recovery
134,1026154.532177,9.731902,0.3341,recovery
135,6842286.071525,9.734301,0.2319,recovery
136,4073556.994052,9.727119,0.1188,recovery
137,2041497.947895,9.732044,0.4262,recovery
138,3751203.446575,9.73694,0.1564,recovery
139,7423.467863,9.728847,0.3853,recovery
140,3545730.352049,9.724006,0.2876,recovery
141,4803745.489332,9.728075,-0.0776,recovery
142,1119176.762867,9.734174,-0.1438,recovery
143,610250.614858,9.737071,-0.3135,recovery
144,1244879.170077,9.738726,-0.5832,recovery
145,1359531.26973,9.733954,-0.8407,recovery
146,1882376.66066,9.737009,-0.8427,recovery
147,2850354.110377,9.733431,-0.4472,recovery
148,1017493.810338,9.731449,-0.2104,recovery
149,1326137.055747,9.724,0.1602,recovery
150,6557888.952275,9.726355,-0.3401,recovery
151,3002288.516105,9.729533,-0.2879,recovery
152,186068.083944,9.729713,-0.2145,recovery
153,23657.951335,9.732395,-0.4746,recovery
154,1781777.806169,9.733695,-0.3963,recovery
155,7223374.668681,9.731841,-0.4034,recovery
156,7795672.676725,9.732812,0.2445,recovery
157,4540758.321271,9.730567,0.1885,recovery
158,2616509.782845,9.733018,-0.2944,recovery
159,205176.647766,9.737459,-0.6826,recovery
160,5987711.871397,9.735495,-0.5491,recovery
161,155419.322519,9.734329,-0.446,recovery
162,640259.893353,9.732743,-0.2825,recovery
163,6590550.564233,9.733685,-0.1197,recovery
164,1511462.426576,9.732256,-0.0265,recovery
165,27320.06399,9.730464,0.6047,recovery
166,1068503.548427,9.730879,0.3804,recovery
167,704387.219536,9.729604,0.7082,recovery
168,2173141.883231,9.731124,0.8649,post
169,1313.359062,9.733059,-0.0422,post
170,368077.117018,9.734074,-0.2955,post
171,145150.082348,9.735254,-0.5853,post
172,1538380.784291,9.734726,-0.3128,post
173,55596.467347,9.732503,-0.3823,post
174,584291.977551,9.729579,0.1384,post
175,574973.896054,9.72447,0.043,post
176,380982.504257,9.724751,0.1609,post
177,172515.506215,9.713519,0.5189,post
178,2645246.81043,9.714957,-0.4995,post
179,3373183.577458,9.718832,-0.3815,post
180,98523.422754,9.718918,-0.2594,post
181,3272699.756334,9.71945,-0.0835,post
182,4808142.333503,9.720701,0.5889,post
183,8459689.047468,9.716367,-0.1995,post
184,2600129.989955,9.715391,-0.2251,post
185,5472420.876013,9.713713,-0.3142,post
186,3176635.71685,9.711935,0.0766,post
187,4901265.604681,9.713543,0.2518,post
188,96924.597513,9.713504,0.5078,post
189,593247.179911,9.704489,0.462,post
190,103335.048228,9.705796,0.6441,post
191,2716757.3525,9.703065,0.3406,post
192,4962467.160245,9.698445,-0.2172,post
193,59092.73964,9.690775,-0.2378,post
194,33926.281245,9.683356,0.252,post
195,752209.700112,9.690269,0.3879,post
196,2205616.736598,9.680687,0.5514,post
197,198126.638469,9.676689,0.5946,post
198,537693.750502,9.685845,-0.2193,post
199,4466741.157528,9.720459,0.8477,post
200,8512546.044276,9.729687,0.9156,post
201,4844560.356871,9.724514,0.9063,post
202,1264657.464074,9.726763,0.7296,post
203,1086898.521048,9.72783,0.4761,post
204,3509027.651455,9.726234,0.1204,post
205,6127.662686,9.73807,-0.3521,post
206,5664565.715196,9.718854,-0.8534,post
207,2365887.637082,9.715844,-0.6975,post
208,2873972.965668,9.710282,-0.5947,post
209,6505549.472725,9.71368,-0.6171,post
210,2921853.195576,9.71723,-0.6294,post
211,1365316.253355,9.711206,0.3965,post
212,274855.061072,9.697876,0.5627,post
213,1060243.176304,9.702184,0.676,post
214,36549.633188,9.705573,0.6725,post
215,2754636.73249,9.718867,0.8888,post
216,77613.283683,9.71778,0.4703,post
217,568502.701695,9.719748,0.3467,post
218,1249966.911141,9.726511,0.2857,post
219,5564154.476158,9.730899,0.71,post
220,4148686.63305,9.728842,0.7833,post
221,7765113.492382,9.725114,0.6507,post
222,3956581.792943,9.723962,0.4736,post
223,7205105.188435,9.731049,0.2629,post
224,6197908.503056,9.734982,0.2101,post
225,3802412.859952,9.732411,0.0275,post
226,698011.635234,9.730185,-0.0488,post
227,1071530.004203,9.729788,0.3018,post
228,194120.381547,9.730642,0.6455,post
229,8197279.280389,9.736652,0.9811,post
230,3762593.400476,9.736822,0.8415,post
231,1148970.572288,9.739178,0.5133,post
232,2232678.894723,9.740993,0.3143,post
233,2624711.876028,9.742022,0.1183,post
234,5361910.355889,9.731478,-0.5885,post
235,4218413.34026,9.727217,-0.7511,post
236,3758326.702121,9.730536,-0.77,post
237,3014368.847267,9.731942,-0.7291,post
238,2004108.817007,9.733882,-0.5411,post
239,307587.499938,9.733325,-0.6236,post
240,5497052.444215,9.731749,-0.5803,post
241,9790567.005026,9.730117,-0.796,post
242,424561.576465,9.735657,-0.8755,post
243,5504480.127461,9.737933,-0.4527,post
244,201543.457519,9.736757,-0.555,post
245,5845359.889015,9.736196,-0.615,post
246,70841.39121,9.73252,-0.3577,post
247,39084.364967,9.732764,0.6352,post
248,138812.685663,9.728212,0.6427,post
249,332110.439286,9.725833,0.4511,post
250,4016935.440246,9.724981,0.2459,post
251,5940085.057867,9.725253,-0.6815,post
252,257934.339677,9.72024,-0.2244,post
253,241268.267399,9.71598,0.2846,post
254,183986.649127,9.710953,0.5873,post
255,841897.549715,9.710946,0.7937,post
256,810292.538603,9.709727,0.712,post
257,6483.796154,9.71375,-0.5149,post
258,1653482.882798,9.715835,0.1403,post
259,384372.409149,9.712729,0.3687,post
260,173119.759621,9.714642,0.1067,post
261,98790.925123,9.71493,0.0778,post
262,386772.545671,9.714285,0.5823,post
263,7745822.309999,9.722112,0.965,post
264,16442.430174,9.722554,0.5665,post
265,433101.193123,9.723656,0.3741,post
266,1004664.254734,9.721105,0.3004,post
267,6037.431392,9.71614,0.2948,post
268,19250.590518,9.710504,0.3213,post
269,79213.983573,9.714304,0.4925,post
270,912126.956209,9.715721,0.5308,post
271,2262503.870707,9.716313,0.4429,post
272,931219.468498,9.71656,0.5188,post
273,80074.264857,9.713617,0.7052,post
274,5566034.586869,9.712966,-0.3569,post
275,8862486.03438,9.715728,-0.1061,post
276,3479920.680448,9.715523,-0.0513,post
277,9606959.683668,9.711007,-0.4391,post
278,1849583.468013,9.711535,-0.0186,post
279,893525.971054,9.716804,-0.314,post
280,251143.498987,9.717538,-0.4711,post
281,2278852.65712,9.720246,-0.6054,post
282,323761.169698,9.723335,-0.6334,post
283,97269.80178,9.720835,-0.4368,post
284,298607.919317,9.720783,-0.1216,post
285,390711.631276,9.723573,-0.1194,post
286,71427.249698,9.723172,-0.5165,post
287,415477.08136,9.722523,0.3017,post
288,602076.211243,9.732129,0.7226,post
289,8056936.890016,9.734897,0.7572,post
290,1216977.686191,9.734687,0.6077,post
291,3666322.71399,9.735356,0.6047,post
292,1649720.003828,9.730238,0.5314,post
293,543988.670232,9.730217,0.601,post
294,2389899.920859,9.728228,0.508,post
295,245631.094272,9.7271,0.5393,post
296,1274800.050033,9.724132,0.649,post
297,7424058.30256,9.725632,-0.3606,post
298,2271148.522198,9.727649,-0.3565,post
299,1502244.168282,9.726396,-0.1641,post
300,1224943.295042,9.72734,-0.2406,post
301,590672.593243,9.72815,-0.3034,post
302,141998.675396,9.725074,-0.3051,post
303,1096359.069132,9.722005,0.2426,post
304,26182.805755,9.722172,0.3302,post
305,5567418.855221,9.716865,-0.7346,post
306,5195305.333906,9.71616,-0.8656,post
307,10734005.146878,9.717036,-0.8236,post
308,874611.452998,9.719635,-0.7914,post
309,857043.994019,9.720442,-0.7997,post
310,655966.999173,9.720054,-0.8,post
311,1520531.325077,9.721161,-0.7849,post
312,365608.644527,9.72212,-0.8658,post
313,283940.465092,9.721043,-0.2281,post
314,587834.002403,9.718258,0.0124,post
315,281285.450462,9.718905,0.1714,post
316,344184.528953,9.719186,0.2288,post
317,682561.29434,9.717147,-0.6906,post
318,536125.761871,9.717017,-0.8111,post
319,4970881.287567,9.717693,-0.2501,post
320,1698.165962,9.718041,-0.2308,post
321,231616.598936,9.71946,-0.2565,post
322,7868815.158206,9.719358,0.3838,post
323,2175635.655254,9.720227,0.1962,post
324,3573366.156888,9.72074,0.0306,post
325,6238677.762631,9.720267,0.3915,post
326,2684823.884521,9.720403,-0.133,post
327,3919033.846441,9.720649,-0.7137,post
328,48268.250212,9.72039,0.0636,post
329,497038.274769,9.718965,0.4618,post
330,1580599.38485,9.718709,0.4438,post
331,951827.313273,9.718923,0.4964,post
332,1616692.491736,9.719294,0.4009,post
333,6567743.758529,9.720479,0.4892,post
334,4248564.815451,9.726068,0.5363,post
335,374408.74288,9.724892,0.1342,post
336,1404479.7146,9.724146,-0.0126,post
337,2261598.816902,9.724344,-0.2467,post
338,22334.992908,9.722655,-0.389,post
339,470338.712451,9.722253,0.7741,post
340,3434155.764018,9.72235,-0.0976,post
341,6935468.696873,9.722182,-0.2756,post
342,7041052.650767,9.72234,-0.2814,post
343,222074.254651,9.723339,-0.5765,post
344,120783.930811,9.721768,-0.1792,post
345,7116643.882571,9.718829,-0.4789,post
346,1259593.504833,9.719592,-0.2154,post
347,202150.280805,9.716086,0.0561,post
348,7033055.479963,9.713568,-0.5772,post
349,683570.012561,9.714455,-0.2865,post
350,11389072.95978,9.714734,-0.2434,post
351,10547662.731602,9.715553,-0.4123,post
352,3828993.641342,9.715362,-0.2159,post
353,5267967.153954,9.715248,0.135,post
354,1957151.825992,9.715228,0.2511,post
355,2312672.958453,9.71533,-0.3283,post
356,118582.037651,9.713283,0.6138,post
357,1189771.238665,9.708244,0.5165,post
358,1727673.687406,9.699002,0.2882,post
359,1334271.389837,9.697328,0.0526,post
360,1053520.523451,9.69412,0.0044,post
361,1628308.357774,9.695599,-0.7268,post
362,1806653.300435,9.682511,-0.5189,post
363,4383646.648932,9.680815,-0.7102,post
364,778144.924399,9.690764,-0.7046,post
365,514001.001887,9.692371,-0.7344,post
366,936527.185576,9.691492,-0.7347,post
367,642348.609018,9.685924,-0.7887,post
368,1370085.526458,9.682023,-0.7196,post
369,6283509.94055,9.683032,-0.5691,post
370,1316658.057738,9.686296,-0.528,post
371,315162.879854,9.686289,-0.4559,post
372,332729.330973,9.684664,-0.5203,post
373,1827282.181378,9.691836,-0.2552,post
374,5513605.092581,9.691965,0.0803,post
375,4434334.442032,9.689372,0.7513,post
376,6691115.024073,9.683576,0.0936,post
377,6848357.682928,9.682694,-0.2752,post
378,1194287.99374,9.679424,-0.0136,post
379,10835369.817209,9.669801,-0.4892,post
380,6052342.472534,9.668191,-0.4344,post
381,7759832.657778,9.665304,-0.4065,post
382,6138205.636534,9.663217,-0.3971,post
383,3459241.818813,9.667576,-0.5297,post
384,10998791.839658,9.672905,0.6076,post
385,399342.698388,9.670617,0.0868,post
386,1899284.544847,9.668541,0.0499,post
387,792173.421781,9.672088,0.0142,post
388,1491878.081667,9.669744,0.434,post
389,172741.364045,9.668971,0.6379,post
390,356585.738817,9.664623,0.1438,post
391,56727.571343,9.662439,0.5084,post
392,11826412.142423,9.662786,-0.4205,post
393,381311.319056,9.662417,-0.2817,post
394,2301805.697937,9.663237,-0.2882,post
395,1248493.375224,9.664979,-0.2307,post
396,794507.047989,9.66636,-0.2416,post
397,5593078.524605,9.681983,0.1294,post
398,84210.304123,9.687751,0.2627,post
399,5241742.869247,9.692629,0.4543,post
400,4126099.962015,9.692433,0.5423,post
401,2888157.110559,9.689503,0.4383,post
402,1310251.817574,9.688181,-0.0212,post
403,2772539.654007,9.690415,0.958,post
404,1076839.650547,9.69067,0.7859,post
405,335708.412562,9.688248,0.7568,post
406,633709.357093,9.68979,0.372,post
407,5288817.09593,9.69246,0.8121,post
408,1016650.686577,9.692987,0.5308,post
409,2297653.530132,9.692519,0.5789,post
410,3991596.835911,9.704864,0.565,post
411,14506.245007,9.712455,-0.1941,post
412,339637.632113,9.712421,-0.547,post
413,353101.334837,9.710932,-0.4372,post
414,1360545.437142,9.710213,-0.611,post
415,566047.567618,9.713043,-0.9621,post
416,2475828.865914,9.713621,0.23,post
417,6987159.111757,9.714916,0.7159,post
418,7072352.414071,9.715328,0.8292,post
419,404047.767673,9.716756,0.3041,post
420,409281.423628,9.714135,0.1923,post
421,6765917.451463,9.710974,-0.3553,post
422,261589.528819,9.706846,0.1983,post
423,154785.528305,9.708478,0.2396,post
424,1513846.404457,9.706136,-0.0214,post
425,95083.573598,9.703169,0.3262,post
426,5704875.799585,9.707781,0.6756,post
427,1243696.17288,9.711354,0.1977,post
428,1702157.63974,9.711567,0.1502,post
429,10358048.227361,9.713157,0.5566,post
430,4358604.529756,9.710881,0.5208,post
431,1962479.418078,9.715239,-0.084,post
432,3563779.752935,9.715285,0.0727,post
433,4009510.253139,9.718222,-0.0942,post
434,8756617.384607,9.72458,0.2647,post
435,1520161.125428,9.724676,0.2657,post
436,551954.598349,9.723482,0.1633,post
437,8225.985765,9.721973,0.0001,post
438,2849213.908623,9.721976,0.0957,post
439,4567131.079689,9.722731,0.4148,post
440,539988.512852,9.716046,0.2608,post
441,168675.44776,9.716727,0.4392,post
442,540554.947097,9.715217,0.6439,post
443,192233.557312,9.714349,0.9444,post
444,727039.33404,9.713776,0.9167,post
445,14937105.285885,9.714657,-0.2257,post
446,125624.30266,9.712922,0.0143,post
447,6712083.804667,9.713784,0.253,post
448,3950399.535967,9.716854,0.2325,post
449,2572426.319574,9.718166,0.0047,post
450,1943685.794579,9.715946,-0.1522,post
451,1250871.502675,9.715502,0.0336,post
452,5100963.338567,9.715779,-0.5237,post
453,12148312.490019,9.71455,-0.5679,post
454,7646787.391323,9.716039,-0.5427,post
455,644354.152953,9.71679,-0.7282,post
456,4144372.27671,9.71419,-0.4754,post
457,9549607.672819,9.713493,-0.6059,post
458,84774.861138,9.711575,0.1051,post
459,389073.006147,9.711066,0.3219,post
460,78916.959374,9.709063,0.2998,post
461,901480.652859,9.705166,0.5695,post
462,139311.768821,9.705543,0.5704,post
463,371417.70386,9.707622,-0.4993,post
464,4552.216804,9.707769,-0.3342,post
465,262653.594877,9.708525,-0.6017,post
466,2059893.640089,9.708705,0.2521,post
467,509145.779101,9.712648,0.2155,post
468,2110819.710823,9.713493,0.4812,post
469,13225174.073488,9.711094,0.2207,post
470,3383013.032199,9.709921,0.0825,post
471,1751426.876191,9.712634,-0.1794,post
472,2191398.736336,9.710192,-0.3084,post
473,214030.761665,9.711201,-0.1729,post
474,209551.461388,9.711673,-0.1492,post
475,9388798.090268,9.712354,0.2472,post
476,2334070.756495,9.71356,0.2437,post
477,725131.181242,9.712039,0.2652,post
478,1537211.850357,9.712204,0.3276,post
479,11078590.992568,9.71297,0.3808,post
480,3562318.793217,9.713453,0.0961,post
481,979091.04604,9.719087,-0.2195,post
482,4999289.654196,9.719703,-0.0704,post
483,549022.655033,9.718779,-0.3788,post
484,254248.15972,9.718328,-0.6679,post
485,2783728.221458,9.719247,-0.1788,post
486,664479.601975,9.71578,0.5475,post
487,1486664.936389,9.715099,0.4947,post
488,10320.007086,9.716073,0.2945,post
489,39830.361579,9.716448,0.4381,post
490,117997.647609,9.717586,0.5056,post
491,578962.771144,9.715904,-0.7498,post
492,19713.556106,9.715807,-0.6331,post
493,195572.492501,9.716799,-0.1608,post
494,9770988.07942,9.717082,0.3253,post
495,24530272.124355,9.7129,-0.7924,post
496,25914645.418995,9.712134,-0.8722,post
497,1910868.175226,9.712135,-0.5527,post
498,6918733.369214,9.711481,-0.3483,post
499,3705121.275389,9.709173,0.1924,post
500,1620652.276057,9.710948,0.6056,post
501,2328599.847108,9.712111,0.3035,post
502,504218.682294,9.709658,0.1379,post
503,6631732.37717,9.708288,-0.1993,post
504,3337002.333997,9.709292,-0.6091,post
505,3876085.622121,9.710198,-0.5762,post
506,91735.158989,9.711552,-0.6463,post
507,111921.859049,9.713269,-0.7671,post
508,5744.994487,9.714394,-0.8962,post
509,45183.583299,9.714665,-0.8527,post
510,125635.719583,9.715087,-0.7592,post
511,10495.202122,9.714803,-0.3288,post
512,72250.570846,9.714218,-0.2462,post
513,56043.784695,9.713003,0.143,post
514,764762.527277,9.713836,-0.2531,post
515,138429.854289,9.71401,-0.1959,post
516,8154.843567,9.714554,-0.244,post
517,20748272.441885,9.714158,0.177,post
518,12883429.486895,9.71373,0.1607,post
519,5003139.119086,9.714515,-0.208,post
520,3906455.293547,9.715039,-0.4132,post
521,4386880.117693,9.713114,-0.2364,post
522,898877.474859,9.713971,-0.0685,post
523,1001449.701432,9.714413,-0.271,post
524,7986218.049853,9.714621,0.1836,post
525,1421640.692121,9.715615,-0.1042,post
526,74819.438923,9.716026,-0.3714,post
527,2605402.006397,9.7089,-0.119,post
528,82833.982291,9.709036,0.1222,post
529,888751.218783,9.69604,0.2597,post
530,14742328.850648,9.688558,-0.7553,post
531,4987529.276877,9.690848,-0.7235,post
532,2108029.85691,9.692579,-0.6096,post
533,1758183.82207,9.691724,-0.5903,post
534,4150871.433418,9.691244,-0.801,post
535,1454297.362452,9.69309,-0.9462,post
536,5774303.392198,9.694355,0.0695,post
537,77547.19082,9.693819,0.0518,post
538,4602405.934237,9.693141,0.0759,post
539,1228557.725213,9.693562,-0.1177,post
540,882164.310012,9.693367,0.3471,post
541,2997215.198301,9.691889,0.0733,post
542,27760542.515108,9.693544,0.1421,post
543,3788790.15634,9.691134,0.2995,post
544,3168372.838641,9.689277,0.3198,post
545,5876158.284623,9.696758,0.2362,post
546,10403704.730585,9.691377,0.2784,post
547,10235601.896342,9.692018,0.2656,post
548,6311494.692478,9.694907,0.1197,post
549,18392002.225098,9.694109,0.1629,post
550,5811341.306116,9.693732,-0.3114,post
551,4127183.615255,9.693968,-0.1634,post
552,7871160.931254,9.690895,-0.0068,post
553,5308500.128101,9.693306,0.0689,post
554,2142566.216245,9.697111,-0.2574,post
555,707137.444852,9.697665,-0.9779,post
556,9415577.270356,9.704426,0.1687,post
557,4504510.058076,9.710249,0.0376,post
558,2461264.400707,9.709357,0.1652,post
559,2563519.490327,9.709649,0.2609,post
560,1523427.81587,9.709827,0.0459,post
561,1351565.051824,9.710737,-0.9143,post
562,5807.226628,9.711494,-0.5598,post
563,10392.387303,9.711463,-0.9566,post
564,53896.297802,9.710336,-0.7939,post
565,646059.772309,9.707992,-0.359,post
566,4999718.303832,9.706045,-0.8319,post
567,3878804.884501,9.70484,-0.8935,post
568,6591989.291428,9.704516,-0.9052,post
569,2788785.786334,9.704561,-0.8042,post
570,295702.529192,9.703845,-0.2147,post
571,1257342.78546,9.707054,-0.0297,post
572,1246152.422306,9.708633,-0.3508,post
573,200631.263764,9.709698,-0.4718,post
574,434953.102899,9.709419,-0.432,post
575,242234.012726,9.708532,-0.0074,post
576,1089844.066107,9.71576,0.1139,post
577,158508.689028,9.733373,-0.2842,post
578,166061.944166,9.739759,-0.2973,post
579,900306.265199,9.736267,-0.1221,post
580,650994.216951,9.733199,-0.1505,post
581,1914446.084042,9.733995,-0.2919,post
582,710753.863121,9.732565,-0.2876,post
583,2515230.366588,9.733886,-0.4501,post
584,179978.242294,9.734816,-0.0844,post
585,6685181.929533,9.733624,-0.0179,post
586,3036100.885828,9.734158,-0.094,post
587,855449.553253,9.734142,-0.1316,post
588,1344817.335964,9.732863,-0.3082,post
589,2541775.887525,9.730619,-0.1529,post
590,9790348.605793,9.731212,-0.3577,post
591,569162.693679,9.731222,-0.3259,post
592,963611.463178,9.733002,-0.4358,post
593,1192759.065768,9.729195,-0.0898,post
594,239807.850533,9.730731,0.0444,post
595,3551474.157038,9.743746,0.1189,post
596,427130.133452,9.744116,0.4973,post
597,5996908.78624,9.744661,0.6157,post
598,162165.402862,9.746894,0.3292,post
599,3004378.847064,9.750731,0.3446,post
